Title,Description,Created_at
post_1,description,2022-10-28 14:39:17.545962+00:00
post_2,descripted,2022-11-01 11:45:10.253906+00:00
Post_4,Desription,2022-11-01 15:00:42.926239+00:00
Post_5,Desription,2022-11-01 15:05:46.924449+00:00
post_6,dessrpoiewth,2022-11-01 15:08:10.463021+00:00
post_7,lskghw;eligjwrgv,2022-11-01 15:12:16.757723+00:00
post_8,urjkyrkjy,2022-11-01 15:16:04.665284+00:00
post_9,urjkyrkjy,2022-11-01 15:25:07.570284+00:00
post_10,urjkyrkjy,2022-11-01 15:26:20.304555+00:00
post_11,urjkyrkjyUUUUUU,2022-11-01 15:39:12.176048+00:00
Post_13,ioasdfgoa,2022-11-01 16:14:22.116555+00:00
Post_14,YYYYYYYYYYYYOOOOOOOOOOOO!!!!!!!!!!,2022-11-01 16:19:56.262882+00:00
Post_12,fghpwepo,2022-11-01 16:00:45.988765+00:00
Post_3,арольшндщ87ж,2022-11-01 14:56:42.878376+00:00
POST_15,YYO YO YYYYOOOOO!!!!578 дл tyjtj,2022-11-01 16:20:34.562479+00:00
POST_16,"SUPERPOST!!!!!
p/c/ 
a litle beat
FROM LASTOCHKA!!!",2022-11-02 17:38:22.539427+00:00
post_17,lkujglkjgh,2022-11-03 15:00:43.170567+00:00
post_17,lkujglkjgh,2022-11-03 15:00:54.088354+00:00
POst_18,kl;jh;lkjh;lk,2022-11-03 15:04:48.050461+00:00
POst_18,kl;jh;lkjh;lk,2022-11-03 15:08:57.877965+00:00
POST_20,kljh;lkhj,2022-11-03 15:32:14.434041+00:00
POST_20,kljh;lkhj,2022-11-03 15:36:31.703255+00:00
POST_20,kljh;lkhj,2022-11-03 15:43:59.785957+00:00
POST_20,kljh;lkhj,2022-11-03 15:44:37.627726+00:00
POST_20,kljh;lkhj,2022-11-03 15:45:02.071808+00:00
POST_21,;oiyh;oihkuytrfkuy,2022-11-03 16:02:04.067635+00:00
POst_22,kiugoiugoiu,2022-11-05 20:14:48.171704+00:00
*(&%(*%,&*(*&%(*&%,2022-11-05 20:24:18.843655+00:00
